﻿{
    "type": "minecraft:crafting_shaped",
    "pattern": [
        "###",
        "ACF",
        "###"
    ],
    "key": {
        "#": {
            "item": "minecraft:iron_block"
        },
        "C": {
            "item": "minecraft:crafting_table"
        },
        "A": {
            "item": "minecraft:anvil"
        },
        "F": {
            "item": "minecraft:furnace"
        }
    },
    "result": {
        "item": "minecraft:structure_block",
        "count": 1
    }
}
