{
    "display": {
        "title": {
            "text": "CoreM [2.0]"
        },
        "description": {
            "text": "Thanks for using it!"
        },
        "icon": {
            "item": "minecraft:structure_block"
        },
        "frame": "task",
        "show_toast": false,
        "announce_to_chat": false,
        "hidden": true,
        "background": "minecraft:textures/gui/advancements/backgrounds/stone.png"
    },
    "criteria": {
        "Imposible": {
            "trigger": "minecraft:impossible"
        }
    }
}